1,Dr. Alice Green,alice.green@example.com
2,Prof. Bob Black,bob.black@example.com
3,Dr. Carol Blue,carol.blue@example.com
4,Prof. David Red,david.red@example.com
5,Dr. Emma White,emma.white@example.com
6,Prof. Frank Pink,frank.pink@example.com
7,Dr. Grace Yellow,grace.yellow@example.com
8,Prof. Harry Orange,harry.orange@example.com
9,Dr. Ivy Violet,ivy.violet@example.com
10,Prof. Jack Brown,jack.brown@example.com
11,Dr. Kevin Gray,kevin.gray@example.com
12,Prof. Lily Silver,lily.silver@example.com
13,Dr. Michael Gold,michael.gold@example.com
14,Prof. Nancy Bronze,nancy.bronze@example.com
15,Dr. Oliver Indigo,oliver.indigo@example.com
16,Prof. Patricia Teal,patricia.teal@example.com
17,Dr. Quentin Magenta,quentin.magenta@example.com
18,Prof. Rachel Cyan,rachel.cyan@example.com
19,Dr. Samuel Maroon,samuel.maroon@example.com
20,Prof. Tina Coral,tina.coral@example.com
21,ffghf,ghh
