1,John Doe,john.doe@example.com
3,Alice Johnson,alice.johnson@example.com
4,Bob Brown,bob.brown@example.com
5,Charlie Davis,charlie.davis@example.com
6,Emily Evans,emily.evans@example.com
7,George Wilson,george.wilson@example.com
8,Hannah Lee,hannah.lee@example.com
9,Isaac Walker,isaac.walker@example.com
10,Jack White,jack.white@example.com
11,Liam Thompson,liam.thompson@example.com
12,Mia Garcia,mia.garcia@example.com
13,Noah Martinez,noah.martinez@example.com
14,Olivia Rodriguez,olivia.rodriguez@example.com
15,Sophia Hernandez,sophia.hernandez@example.com
16,James Ling,james.king@example.com
17,Ava Lee,ava.lee@example.com
18,Lucas Scott,lucas.scott@example.com
19,Amelia Poung,amelia.young@example.com
20,Ethan Wright,ethan.wright@example.com
405,Meliza Gabinete,mlsdsdsa@example.com
143,Lucius Thorne,sdfsfsdf@example.com
21,Emily Johnson,emily.johnson@example.com
22,Michael Smith,michael.smith@example.com
23,Sarah Lorker,sarah.parker@example.com
24,Daniel Garcia,daniel.garcia@example.com
25,Jessica Brown,jessica.brown@example.com
26,David Williams,david.williams@example.com
27,Lily Anderson,lily.anderson@example.com
28,Christopher Taylor,christopher.taylor@example.com
29,Emma Thomas,emma.thomas@example.com
30,Benjamin Harris,benjamin.harris@example.com
31,Samantha Clark,samantha.clark@example.com
2309,Polllas,pollasjj@example.com
2123,Meli,Gabinete@exampe.com
091238234,Joshua Dave Cantorna,dave@gmail.com
